10 5行 SIZAR, HOWARD-> SIZAR, HOWARD 
100 3行 PICKETTE, TERRENCE-> PICKETTE, TERRENCE
101 2行 BARCLAY, TAYLOR-> BARCLAY, TAYLOR
102 5行 KONG, RUMI-> KONG, RUMI 
103 5行 ARABAJIAN, GARNETT-FANNY-> ARABAJIAN, GARNETT-FANNY
104 4行 KRINGEL, MAKENZIE-MIRTA-> KRINGEL, MAKENZIE-MIRTA 
105 5行 BURLAZA, GARRETT-> BURLAZA, GARRETT 
106 5行 BONSEE, ALMEDA-> BONSEE, ALMEDA 
107 4行 ALFISI, BENEDICT ROGELIO-> ALFISI, BENEDICT ROGELIO 
108 5行 LUGO, MARCUS DONTE-> LUGO, MARCUS DONTE 
109 4行 RANDOLF, JAME BETTY-> RANDOLF, JAME BETTY 
11 5行 PENNEL, STEFAN-> PENNEL, STEFAN 
110 4行 TAAKE, DORIE-> TAAKE, DORIE 
112 2行 LECRONE, CLEMMIE-> LECRONE, CLEMMIE
113 5行 GALLUZZO, SIU-> GALLUZZO, SIU 
114 5行 LANDAZURI, VITA-> LANDAZURI, VITA 
115 2行 SAYAVONG, SANDEE YOKO-> SAYAVONG, SANDEE YOKO
116 5行 PROCIUK, ASHTON-> PROCIUK, ASHTON 
117 5行 GREYOVICH, BRADLEY-> GREYOVICH, BRADLEY 
118 4行 HOUSKEEPER, NEA DENICE-> HOUSKEEPER, NEA DENICE 
119 3行 LAREMONT, FREDERICK AUBREY-> LAREMONT, FREDERICK AUBREY
12 3行 MOLINARO, NICOLAS-> MOLINARO, NICOLAS
120 3行 FREESTONE, CLEMENTE-> FREESTONE, CLEMENTE
121 4行 EALICK, HANK-> EALICK, HANK 
122 4行 WHITLOCK, WARREN-> WHITLOCK, WARREN 
123 3行 KENISON, RUDOLPH-> KENISON, RUDOLPH
124 5行 CORNA, COLLENE-> CORNA, COLLENE 
125 5行 BAIMA, WILBURN KEITHA-> BAIMA, WILBURN KEITHA 
126 5行 BOSSIE, DEANN GIL-> BOSSIE, DEANN GIL 
127 5行 ROXBURGH, SHAWANNA-> ROXBURGH, SHAWANNA 
128 5行 MIKOLA, POPPY-MAE-> MIKOLA, POPPY-MAE 
129 2行 RODEFER, VINNY-> RODEFER, VINNY
13 4行 MANOLIS, SAMUAL-> MANOLIS, SAMUAL 
130 3行 DORMINY, JULIO-> DORMINY, JULIO
131 3行 PARIHAR, JENI-> PARIHAR, JENI
132 3行 DEBARDELABEN, NANDA-> DEBARDELABEN, NANDA
133 5行 DEGLOW, JOELLEN-> DEGLOW, JOELLEN 
134 5行 DELLASCIUCCA, GLENNIE MAXIMA-> DELLASCIUCCA, GLENNIE MAXIMA 
135 2行 DAUB, LINETTE-> DAUB, LINETTE
136 5行 HORRY, VANIA DANIAL-> HORRY, VANIA DANIAL 
137 5行 SARULLO, RUBIN-> SARULLO, RUBIN 
138 5行 MORELLI, JANELL-> MORELLI, JANELL 
139 4行 BUCARAM, YARA-BELLE KEVIN-> BUCARAM, YARA-BELLE KEVIN 
14 5行 KRZYNOWEK, DEANDRE-> KRZYNOWEK, DEANDRE 
140 4行 DELORME, DELMAR-> DELORME, DELMAR 
141 4行 SUCHY, RODGER-> SUCHY, RODGER 
142 3行 ROWE, JARRED RUBY-> ROWE, JARRED RUBY
143 2行 GERARD, ENNGONIA VEOLA-> GERARD, ENNGONIA VEOLA
144 4行 SAIK, FLORRIE-> SAIK, FLORRIE 
145 5行 ALLEY, CRUZ NESTOR-> ALLEY, CRUZ NESTOR 
146 5行 UMPHREY, SCOTTIE EDMOND CLAYTON-> UMPHREY, SCOTTIE EDMOND CLAYTON 
147 3行 COMRIE, PHIL HAROLD-> COMRIE, PHIL HAROLD
148 5行 BONUS, FELICA-META-> BONUS, FELICA-META 
149 5行 JACOME, RENE TRINITY-> JACOME, RENE TRINITY 
15 2行 MAMONE, DAWNA-> MAMONE, DAWNA
150 3行 KRAJNIK, SHERLYN PAYTON-> KRAJNIK, SHERLYN PAYTON
151 5行 HALLOWELL, LANDON MIREYA KURT-> HALLOWELL, LANDON MIREYA KURT 
152 2行 SAUMIER, ANGELYN VICKIE-> SAUMIER, ANGELYN VICKIE
153 5行 BORLING, NIXIE-> BORLING, NIXIE 
154 5行 HIGSON, SHERYL-> HIGSON, SHERYL 
155 3行 SEYDEL, MILOVAN STARLA-> SEYDEL, MILOVAN STARLA
156 5行 MEALER, CONNOR-> MEALER, CONNOR 
157 5行 HUESO, JOHNIE FARRAH-> HUESO, JOHNIE FARRAH 
158 5行 MALOFF, RIGOBERTO KENT-> MALOFF, RIGOBERTO KENT 
159 3行 TENNETT, JACQUETTA-> TENNETT, JACQUETTA
16 5行 CASCIO, JAMI-> CASCIO, JAMI 
160 4行 FRONEBERGER, DELMER-> FRONEBERGER, DELMER 
161 4行 AUGENSTEIN, CLARK-> AUGENSTEIN, CLARK 
163 4行 DUSEN, ALLYSON-> DUSEN, ALLYSON 
164 3行 BOURET, MILTON-> BOURET, MILTON
165 4行 ZELL, ORLANDO-> ZELL, ORLANDO 
166 5行 ORTELL, MARSHALL CATRINA-> ORTELL, MARSHALL CATRINA 
167 5行 NOTWICK, EDUARDO-> NOTWICK, EDUARDO 
168 2行 PULETASI, ARTURO GREGG-> PULETASI, ARTURO GREGG
169 5行 SIMITIAN, TOMAS-> SIMITIAN, TOMAS 
17 4行 FINKELMAN, BRUCE AMOS-> FINKELMAN, BRUCE AMOS 
170 5行 CARINO, MAURICE SANTOS-> CARINO, MAURICE SANTOS 
171 5行 JANISZEWSKI, RORY-> JANISZEWSKI, RORY 
172 5行 BUSL, SUZIE-> BUSL, SUZIE 
173 4行 BAILIE, JULES KOORI-> BAILIE, JULES KOORI 
174 5行 WATHEN, CLAUDIE-> WATHEN, CLAUDIE 
175 4行 LONGINOTTI, JANDAMARRA ELNORA JONE-> LONGINOTTI, JANDAMARRA ELNORA JONE 
176 3行 REBUCK, YUN-> REBUCK, YUN
177 5行 SHAMI, DELTA-> SHAMI, DELTA 
178 5行 BLOEDEL, DHIRRI-> BLOEDEL, DHIRRI 
179 2行 MOLA, JACLYN LYNDSEY-> MOLA, JACLYN LYNDSEY
18 5行 PETRICONE, SUSANNA-> PETRICONE, SUSANNA 
181 5行 MISIASZEK, WALLACE-> MISIASZEK, WALLACE 
182 2行 GRAMBERG, CONNIE, TERESITA'MAZIE-> GRAMBERG, CONNIE, TERESITA'MAZIE
183 5行 LEISNER, MIK-> LEISNER, MIK 
184 5行 BREDICE, SUMAYA-> BREDICE, SUMAYA 
185 3行 MCCORKELL, ROBERT DONTE-> MCCORKELL, ROBERT DONTE
186 3行 TRUSTY, TAMATHA-> TRUSTY, TAMATHA
187 2行 HEMANES, LETTY-> HEMANES, LETTY
188 3行 DRAWBAUGH, DEVON-> DRAWBAUGH, DEVON
189 5行 GAULDEN, SAMAIRA TRACEY-> GAULDEN, SAMAIRA TRACEY 
19 4行 MULDOWNEY, JANEY-> MULDOWNEY, JANEY 
190 5行 EVANGELISTA, TORRIE-> EVANGELISTA, TORRIE 
191 5行 Lavender, ZAHARA Z-> Lavender, ZAHARA Z 
192 5行 BERGNER, WARRIGAL-> BERGNER, WARRIGAL 
193 2行 BIEBEL, VARA ORMAZD-> BIEBEL, VARA ORMAZD
194 5行 ENGDAHL, FRANKLIN-> ENGDAHL, FRANKLIN 
195 5行 DONES, CAMELLIA-> DONES, CAMELLIA 
196 4行 MINISSALE, TAYLOR-> MINISSALE, TAYLOR 
197 5行 BELLER, MARVEL-> BELLER, MARVEL 
198 3行 GAMBARDELLA, TIMMY-> GAMBARDELLA, TIMMY
199 2行 PERROTT, GILBERTE LOWELL-> PERROTT, GILBERTE LOWELL
200 5行 BALLAM, ARNOLDO ALFREDO-> BALLAM, ARNOLDO ALFREDO 
201 5行 MCLARTY, ROLF-> MCLARTY, ROLF 
202 2行 SOURS, ANGLEA-> SOURS, ANGLEA
203 5行 KIYUNA, JOSHUA-> KIYUNA, JOSHUA 
204 5行 Sylva, ROSENA I-> Sylva, ROSENA I 
205 3行 KRASON, CALVIN-WADE-> KRASON, CALVIN-WADE
206 3行 SURIEL, MARKITA-> SURIEL, MARKITA
207 5行 BARILLO, NICHOLE BRANT-> BARILLO, NICHOLE BRANT 
208 2行 LUECHT, JARRETT-> LUECHT, JARRETT
209 5行 SCHNACK, YARRAN-> SCHNACK, YARRAN 
209 77行 NGUNYA DAIN-> The tumoursample from patient NGUNYA DAIN DOES NOT CARRY a known activating BRAF gene mutation that affects codon 600 of the BRAF protein (see comments). 
210 2行 SAIA, NICKY-> SAIA, NICKY
211 5行 BETHUREM, ZANE SONNY-> BETHUREM, ZANE SONNY 
212 5行 PARTY, QUENTIN-> PARTY, QUENTIN 
213 5行 STRAUGHN, ALEX MARGY-> STRAUGHN, ALEX MARGY 
214 3行 SATCHER, NORMAN ASHLYN-> SATCHER, NORMAN ASHLYN
215 4行 GODING, NATHANIEL-> GODING, NATHANIEL 
216 5行 ELIOPOULOS, GUSSIE-> ELIOPOULOS, GUSSIE 
217 5行 RAMLAKHAN, GENE-> RAMLAKHAN, GENE 
218 4行 SPESSARD, BOLESLAWS-> SPESSARD, BOLESLAWS 
219 5行 CHIMA, WINNIFRED-> CHIMA, WINNIFRED 
220 5行 WORKINGS, FRANCES-> WORKINGS, FRANCES 
221 4行 MAJETTE, ORLINDA SCARLET-> MAJETTE, ORLINDA SCARLET 
222 3行 MITRO, MANIE JERROD-> MITRO, MANIE JERROD
223 5行 OCONNELL, YARRANJI ONYXIA-> OCONNELL, YARRANJI ONYXIA 
224 2行 BASSEL, TJILPI DOMENIC-> BASSEL, TJILPI DOMENIC
225 3行 KNEE, SHASTA-> KNEE, SHASTA
226 4行 VIZCARRA, JOSHUA-> VIZCARRA, JOSHUA 
227 5行 WHITMIRE, JAMIE-ALVERA-> WHITMIRE, JAMIE-ALVERA 
228 5行 EBER, MANUEL-> EBER, MANUEL 
229 3行 MELENDES, TUYET-> MELENDES, TUYET
230 5行 HANAUER, LORINE-> HANAUER, LORINE 
231 5行 FERRANDINO, ORVAL VALENTIN-> FERRANDINO, ORVAL VALENTIN 
232 3行 STAPLE, ORALIA-> STAPLE, ORALIA
233 5行 SHEAMAN, ELLI FLORENCIA-> SHEAMAN, ELLI FLORENCIA 
234 4行 WEISDORFER, EZEQUIEL-> WEISDORFER, EZEQUIEL 
235 2行 BENSING, SINDY PRISCILA UZMA-> BENSING, SINDY PRISCILA UZMA
236 2行 AVILAR, LINDSAY-> AVILAR, LINDSAY
237 5行 HOHENSTEIN, RENATO KELLIE-> HOHENSTEIN, RENATO KELLIE 
238 3行 STAHL, ELISABETH KOWARA-> STAHL, ELISABETH KOWARA
239 5行 LOGES, DUANE-> LOGES, DUANE 
240 5行 SHACKLEFORD, IRAIDA-> SHACKLEFORD, IRAIDA 
241 2行 WHITSEL, CARMEN-> WHITSEL, CARMEN
242 3行 BOYCE, MYONG LARISSA-> BOYCE, MYONG LARISSA
243 5行 MARKOWITZ, ELBA-> MARKOWITZ, ELBA 
244 2行 BODKIN, ELIZA-> BODKIN, ELIZA
245 5行 LINK, KULIN OSVALDO ARDEN LENITA DENNY-> LINK, KULIN OSVALDO ARDEN LENITA DENNY 
246 4行 AVIS, NATASIA SADIE-> AVIS, NATASIA SADIE 
247 5行 MCNELL, ARLIE HOBERT-> MCNELL, ARLIE HOBERT 
248 3行 KREINBRING, FAVIOLA-> KREINBRING, FAVIOLA
249 5行 NACISSE, COLLEEN CHERISE-> NACISSE, COLLEEN CHERISE 
251 4行 LATTANZI, MARCOS-> LATTANZI, MARCOS 
252 3行 FYFE, LOUIE-> FYFE, LOUIE
253 4行 TERRIBLE, ALEC LAUREN-> TERRIBLE, ALEC LAUREN 
254 3行 Deglopper, KATHYRN F-> Deglopper, KATHYRN F
255 3行 PANONE, SHELDON-> PANONE, SHELDON
256 2行 POOCK, MONTY-> POOCK, MONTY
257 3行 WEINZIMER, BRODIE-> WEINZIMER, BRODIE
258 5行 BENOFF, RUDOLF-> BENOFF, RUDOLF 
259 4行 PLEITEZ, MAJORIE AMANDA-> PLEITEZ, MAJORIE AMANDA 
260 5行 GAJEWSKI, ZARA-> GAJEWSKI, ZARA 
261 3行 VACA, JODY KUM-> VACA, JODY KUM
262 4行 MATTERN, ORLAITH-> MATTERN, ORLAITH 
263 3行 Weihl, DWAYNE A-> Weihl, DWAYNE A
264 5行 ZAHRI, FLETCHER-> ZAHRI, FLETCHER 
265 4行 CENTNER, MODESTO-> CENTNER, MODESTO 
266 3行 SCHIESHER, DUDLEY BEATRICE-> SCHIESHER, DUDLEY BEATRICE
267 5行 MOSES, ANNETT MARX-> MOSES, ANNETT MARX 
268 4行 HEININGER, CRISTAL-GEORGE-> HEININGER, CRISTAL-GEORGE 
269 5行 BUDAK, BENITO-ARCHER-> BUDAK, BENITO-ARCHER 
270 5行 MUNLEY, IRMGARD QUINCY-> MUNLEY, IRMGARD QUINCY 
271 2行 OELER, CLIFF-> OELER, CLIFF
272 3行 ABDI, PARKER-> ABDI, PARKER
273 5行 ALVARDO, MARYROSE ILYARRIE-> ALVARDO, MARYROSE ILYARRIE 
274 2行 QUINK, MARYBETH-> QUINK, MARYBETH
275 5行 GOELLER, BERTRAM-> GOELLER, BERTRAM 
276 5行 HARB, TREASA-> HARB, TREASA 
277 2行 SUMMAR, CAILYN-> SUMMAR, CAILYN
278 5行 MCNEEL, ALVA-> MCNEEL, ALVA 
279 5行 DUNPHY, GUDARA-> DUNPHY, GUDARA 
28 4行 ORHENKOWSKI, JACK EDDIE-> ORHENKOWSKI, JACK EDDIE 
280 3行 LONGO, WELDON GAYE-> LONGO, WELDON GAYE
281 5行 PARRIOTT, MEA-> PARRIOTT, MEA 
282 4行 SHIVERDECKER, TOM ADNYAMATHANHA-> SHIVERDECKER, TOM ADNYAMATHANHA 
283 3行 MERANCIO, DESTINY-> MERANCIO, DESTINY
284 5行 BAKHSHIAN, RYLEE JERRIE-> BAKHSHIAN, RYLEE JERRIE 
285 4行 MASCETTI, HARLAN MARVIN-> MASCETTI, HARLAN MARVIN 
286 5行 PERSKY, PHUONG TONEY-> PERSKY, PHUONG TONEY 
287 5行 BUHOVECKEY, AUGUST-> BUHOVECKEY, AUGUST 
288 4行 MITTELSTADT, DONN-> MITTELSTADT, DONN 
289 5行 BRUMER, JAKE-> BRUMER, JAKE 
29 5行 VITKUS, CLAUDE JOANIE-> VITKUS, CLAUDE JOANIE 
290 4行 AMALONG, DARWIN-> AMALONG, DARWIN 
291 5行 NEWBOUND, CORENE ALESHA-> NEWBOUND, CORENE ALESHA 
292 5行 COMPANION, YONG-> COMPANION, YONG 
293 2行 ILSE, LUCI ROSANNE-> ILSE, LUCI ROSANNE
294 3行 BRESKE, JAMEE-> BRESKE, JAMEE
295 5行 SIVELS, TODD-> SIVELS, TODD 
296 4行 MARCOU, VIRGILIO-> MARCOU, VIRGILIO 
297 3行 ABITONG, BENTON SHERISE-> ABITONG, BENTON SHERISE
298 3行 LENTINI, REBA-> LENTINI, REBA
299 4行 LAVERY, GAIA-> LAVERY, GAIA 
30 5行 HEALY, SONNY-> HEALY, SONNY 
300 5行 KOPPY, INGA JOSHUA-> KOPPY, INGA JOSHUA 
301 2行 ELLINGSON, CAREY-> ELLINGSON, CAREY
302 5行 RAMPTON, ANWEN REAGAN-> RAMPTON, ANWEN REAGAN 
303 3行 GEZALYAN, HANNELORE-> GEZALYAN, HANNELORE
304 4行 PUHRMAN, ELISE STANTON-> PUHRMAN, ELISE STANTON 
305 5行 SCHADEGG, HERBERT-> SCHADEGG, HERBERT 
306 5行 CASTELO, RICO-> CASTELO, RICO 
307 2行 FREDERIKSEN, SHANTAE SYNTHIA-> FREDERIKSEN, SHANTAE SYNTHIA
308 5行 NEIDHARDT, ELKE-> NEIDHARDT, ELKE 
309 3行 LIBERATORE, SON TYNISHA-> LIBERATORE, SON TYNISHA
31 4行 DURRETT, BRITTA-> DURRETT, BRITTA 
310 5行 SHUTTER, FIDEL-> SHUTTER, FIDEL 
311 5行 SCHIFF, DUANE ORLI NARA-> SCHIFF, DUANE ORLI NARA 
312 4行 CHE, ILEEN-> CHE, ILEEN 
313 5行 WITHINGTON, FREDRIC'ARDELLA-> WITHINGTON, FREDRIC'ARDELLA 
314 5行 NOBRIGA, AURELIO RONNA-> NOBRIGA, AURELIO RONNA 
315 2行 EMERTON, LOURDES-> EMERTON, LOURDES
316 5行 LEWCZYK, WANDA STASIA-> LEWCZYK, WANDA STASIA 
317 5行 GUN, NIKOLE-> GUN, NIKOLE 
318 2行 GNIEWEK, ANAYA-> GNIEWEK, ANAYA
319 5行 TONNESON, ENDA-> TONNESON, ENDA 
32 5行 JADOO, DEBORAH-> JADOO, DEBORAH 
320 2行 CHEA, TUYET-> CHEA, TUYET
321 5行 KOPPERMAN, DORENE-> KOPPERMAN, DORENE 
322 3行 GRISWELL, TOMAS-NESTOR-> GRISWELL, TOMAS-NESTOR
323 2行 TUCKEY, ARLIE-> TUCKEY, ARLIE
324 3行 DEALY, AMADO-> DEALY, AMADO
325 2行 MCGLAMERY, NICOL-> MCGLAMERY, NICOL
326 4行 CORDOVANO, TORA PANSY-> CORDOVANO, TORA PANSY 
327 3行 KRAIN, REBECCA-> KRAIN, REBECCA
328 4行 WINDLE, EMA EMILIO-> WINDLE, EMA EMILIO 
329 4行 GEURIN, MICHALE TAWANDA-> GEURIN, MICHALE TAWANDA 
33 3行 FENDLER, KORY-> FENDLER, KORY
330 2行 SAKURAI, KENNETH QIANA-> SAKURAI, KENNETH QIANA
331 4行 BRASHIER, VIATRIX-> BRASHIER, VIATRIX 
332 3行 MCCULLOM, LAYLA BRANDI-> MCCULLOM, LAYLA BRANDI
333 4行 REALE, HUGH VERITY-> REALE, HUGH VERITY 
334 4行 COLBETH, WALT SANJUANITA-> COLBETH, WALT SANJUANITA 
335 5行 BANVELOS, JUDSON LASHAUNDA-> BANVELOS, JUDSON LASHAUNDA 
336 4行 MAZIERSKI, JUNIOR-> MAZIERSKI, JUNIOR 
337 4行 PIEPHO, DESMOND-> PIEPHO, DESMOND 
339 5行 BYRNE, JANAE YULIA-> BYRNE, JANAE YULIA 
34 5行 DIACO, RANDOLPH-> DIACO, RANDOLPH 
340 2行 MACKINS, LESLIE BRADFORD-> MACKINS, LESLIE BRADFORD
341 5行 ZOLDAK, TENESHA-> ZOLDAK, TENESHA 
342 4行 COLP, MARIBETH YARA-MAE-> COLP, MARIBETH YARA-MAE 
343 2行 HOENSTINE, TERRA-> HOENSTINE, TERRA
344 5行 RANSICK, GAYNELLE JAZLYN-> RANSICK, GAYNELLE JAZLYN 
345 4行 SHERLES, PINDARI ESTEFANA-> SHERLES, PINDARI ESTEFANA 
346 4行 AMSBAUGH, FEDERICO KARMEN PIPPA-> AMSBAUGH, FEDERICO KARMEN PIPPA 
347 5行 CUPERUS, JOHNATHAN-> CUPERUS, JOHNATHAN 
348 4行 NOVIK, SONJA YARRANJI-> NOVIK, SONJA YARRANJI 
349 4行 PIERCY, ALVA-> PIERCY, ALVA 
35 5行 DEMATOS, NORBERT-> DEMATOS, NORBERT 
350 4行 MCCANDLES, GINO BARTON-> MCCANDLES, GINO BARTON 
351 4行 FILIPSKI, LYNWOOD LINDSAY-> FILIPSKI, LYNWOOD LINDSAY 
352 5行 HIBBITTS, SILAS-> HIBBITTS, SILAS 
354 4行 LARUBBIO, ELENORE-> LARUBBIO, ELENORE 
355 5行 HEITSCHMIDT, BURTON JARED-> HEITSCHMIDT, BURTON JARED 
356 2行 IIDA, VALENTIN-> IIDA, VALENTIN
357 2行 CEDARS, EMERY-> CEDARS, EMERY
359 4行 MITCHAM, JUAN-> MITCHAM, JUAN 
36 2行 GAUNTNER, EMERY-> GAUNTNER, EMERY
360 3行 DEDICKE, VIANNA WAYNE-> DEDICKE, VIANNA WAYNE
361 4行 RAIA, SHARIKA-> RAIA, SHARIKA 
362 4行 RAMU, SHEA-> RAMU, SHEA 
363 5行 DWORAK, BRITTANY-> DWORAK, BRITTANY 
364 4行 ELCOCK, BOB-> ELCOCK, BOB 
365 4行 RUSSETT, LEATHA-> RUSSETT, LEATHA 
366 5行 ROWLING, JAMAL-> ROWLING, JAMAL 
367 4行 HUWE, JILLIAN CHARLINE-> HUWE, JILLIAN CHARLINE 
368 2行 BATE, DEMETRIUS PRESTON-> BATE, DEMETRIUS PRESTON
369 3行 GOODMANSON, DEREK-> GOODMANSON, DEREK
37 3行 ABERCOMBIE, ALETA SIENA-> ABERCOMBIE, ALETA SIENA
370 4行 EDMINSTER, SHAREN-> EDMINSTER, SHAREN 
371 5行 SILIS, SHANDA-> SILIS, SHANDA 
372 4行 MATUSHEVSKY, JANICE-> MATUSHEVSKY, JANICE 
373 4行 WESTBY, LIZABETH-DIEGO-> WESTBY, LIZABETH-DIEGO 
374 5行 FINNIE, ORACIA NADIRA-> FINNIE, ORACIA NADIRA 
375 4行 SIDE, GIUSEPPE-> SIDE, GIUSEPPE 
376 2行 SATTERLEE, GARLAND-> SATTERLEE, GARLAND
377 5行 COATLEY, CATHIE-> COATLEY, CATHIE 
378 4行 STILTZ, MELYNDA-> STILTZ, MELYNDA 
379 4行 SCHACHERER, WILHEMINA-> SCHACHERER, WILHEMINA 
38 5行 SCHONBERG, SHERRYL SHAYNE-> SCHONBERG, SHERRYL SHAYNE 
380 4行 YAX, GEORGETTE-> YAX, GEORGETTE 
381 4行 PAROBEK, COLTON GASTON-> PAROBEK, COLTON GASTON
382 5行 SAFRANEK, BEN LASHAUN-> SAFRANEK, BEN LASHAUN 
383 4行 LOUGHARY, LIA MELISSA-> LOUGHARY, LIA MELISSA 
384 4行 HIGHMAN, MAN DHUNGALLA-> HIGHMAN, MAN DHUNGALLA 
385 5行 HAYASE, ERIN-> HAYASE, ERIN 
386 4行 POLICAR, BOBBIE-> POLICAR, BOBBIE 
387 4行 COUILLARD, GAYLORD-> COUILLARD, GAYLORD 
388 5行 FLOERKE, KERSTIN-> FLOERKE, KERSTIN 
389 4行 CAMPANARO, LUKE-> CAMPANARO, LUKE 
39 4行 CANTV, ROLANDA-> CANTV, ROLANDA 
390 5行 AXLINE, ZYA-> AXLINE, ZYA 
391 4行 UEMURA, CLAYTON SARAI-> UEMURA, CLAYTON SARAI 
392 4行 CICCOLINI, KATHARINE-> CICCOLINI, KATHARINE 
392 94行 Whitby-> Material received: 4 slides labelled "06N52879-D23 Whitby" 
393 5行 BILLEY, SUSANA JEANNETTE-> BILLEY, SUSANA JEANNETTE 
394 4行 HANKEL, SARAN-> HANKEL, SARAN 
395 2行 TERMILUS, SYDNEY-> TERMILUS, SYDNEY
396 3行 LINDORF, ELZA'LORENZO-> LINDORF, ELZA'LORENZO
397 2行 CADARETTE, SAMARA-> CADARETTE, SAMARA
398 2行 KALAFARSKI, MENA-> KALAFARSKI, MENA
399 3行 VANVALKENBUR, FRANKLYN-> VANVALKENBUR, FRANKLYN
40 5行 DAMATO, ZANE-> DAMATO, ZANE 
400 4行 DEBACA, MATTHEW-> DEBACA, MATTHEW 
401 3行 MCALEVY, WAI MIRNA-> MCALEVY, WAI MIRNA
402 2行 FEARING, JENE INDIRA-> FEARING, JENE INDIRA
403 2行 EAGLE, JACKIE-> EAGLE, JACKIE
404 3行 STEINAU, LYNETTE-> STEINAU, LYNETTE
405 4行 NQUYEN, JORGE-> NQUYEN, JORGE 
406 4行 LARBI, DARLEEN MARGARETTA-> LARBI, DARLEEN MARGARETTA 
407 5行 BUECHELE, GINO SUZANNA-> BUECHELE, GINO SUZANNA 
408 2行 RASCOE, CLASSIE-> RASCOE, CLASSIE
409 2行 ABBATIELLO, VIVA-> ABBATIELLO, VIVA
41 3行 MINROD, JAMMIE-> MINROD, JAMMIE
410 4行 GOJMERAC, WILFREDO RODOLFO-> GOJMERAC, WILFREDO RODOLFO 
411 4行 DAUGHERTY, MELYNDA MOHAMMED-> DAUGHERTY, MELYNDA MOHAMMED 
412 3行 CRONQUIST, LUDIE-> CRONQUIST, LUDIE
413 2行 LINKON, DAREN BERNITA-> LINKON, DAREN BERNITA
414 4行 BRANDSTROM, FREDDIE-> BRANDSTROM, FREDDIE 
415 3行 NAKAMOTO, JEMIMA GERARDO-> NAKAMOTO, JEMIMA GERARDO
416 4行 HELMIG, LYNDSEY-> HELMIG, LYNDSEY 
417 4行 MAKINEN, NOURA SORREL-> MAKINEN, NOURA SORREL 
418 3行 ROETZLER, LOREN WILFORD-> ROETZLER, LOREN WILFORD
419 2行 RABELO, RICKEY ELBERT-> RABELO, RICKEY ELBERT
42 2行 PEBSWORTH, GARRETT-> PEBSWORTH, GARRETT
420 3行 LOOSIER, ALLISON TRINITY-> LOOSIER, ALLISON TRINITY
421 2行 VAUDRAIN, KOREY-> VAUDRAIN, KOREY
422 4行 CONSTANTE, CAREN-> CONSTANTE, CAREN  
423 5行 DIMMER, SHIRLEY-> DIMMER, SHIRLEY 
424 4行 DILTZ, DENNY CHELSEA-> DILTZ, DENNY CHELSEA 
425 4行 ROTTMAN, SHAYNES THARAWAL-> ROTTMAN, SHAYNES THARAWAL 
426 5行 HUYARD, NELSON-> HUYARD, NELSON 
427 2行 GALBO, BENNETT-> GALBO, BENNETT
428 4行 BRUMIT, RUBI-> BRUMIT, RUBI 
429 5行 BAAR, DOLORES-> BAAR, DOLORES 
43 5行 BRAZIE, ELMER-> BRAZIE, ELMER 
43 56行 FEDERICO WERNICK-> The tumour sample from FEDERICO WERNICK DOES NOT CARRY a mutation of clinical significance in the regions of the EGFR gene targeted in this analysis (see comments).
430 2行 PINKOS, CAROLINA-> PINKOS, CAROLINA
431 5行 BALLESTAS, YUMI DELORAS-> BALLESTAS, YUMI DELORAS 
432 4行 HEAVILIN, CANDACE-> HEAVILIN, CANDACE 
433 2行 BRITT, ABRAHAM-> BRITT, ABRAHAM
434 5行 PALLET, DELOIS JACQUE-> PALLET, DELOIS JACQUE 
435 4行 BRUNKHORST, WEI AARON-> BRUNKHORST, WEI AARON 
436 2行 WITSELL, CLYDE-> WITSELL, CLYDE
437 5行 KRAVITZ, ERNEST-> KRAVITZ, ERNEST 
438 4行 LEPS, ASHLEE SHAKITA-> LEPS, ASHLEE SHAKITA 
439 2行 PASKEY, KELLYE-> PASKEY, KELLYE
44 5行 KOELLE, CLARENCE TARA-LEE-> KOELLE, CLARENCE TARA-LEE 
440 4行 GAIETTO, LONDA-MORTON-> GAIETTO, LONDA-MORTON 
441 2行 ZARCO, ETTIE ROOKWOOD-> ZARCO, ETTIE ROOKWOOD
442 5行 WELLMAN, RANDY-> WELLMAN, RANDY 
443 4行 GAYLOR, VELVET-> GAYLOR, VELVET 
444 4行 Moder, LEOTA L-> Moder, LEOTA L 
445 5行 SUTHERS, ENRIQUE JOE-> SUTHERS, ENRIQUE JOE 
446 4行 SWIERCZYNSKI, KENDA-> SWIERCZYNSKI, KENDA 
447 4行 ANGTON, EVALYN PRESLEY-> ANGTON, EVALYN PRESLEY 
448 5行 GODYN, ADALBERTO-> GODYN, ADALBERTO 
449 4行 GOTIMER, JERROD-> GOTIMER, JERROD 
45 4行 ZABLE, COORAH LEONIDA-> ZABLE, COORAH LEONIDA 
450 5行 SOURLIS, NAVA-> SOURLIS, NAVA 
451 4行 CAFLISCH, KAI-BRITT-> CAFLISCH, KAI-BRITT 
452 4行 EAKLE, MARCELINE-> EAKLE, MARCELINE 
453 3行 ANDUEZA, LORRI-> ANDUEZA, LORRI
454 4行 HANKISON, NEENA-> HANKISON, NEENA 
455 4行 DELAMARTER, AARON WARRIYANGGA-> DELAMARTER, AARON WARRIYANGGA
456 3行 HOLLINSHED, TARYN CYRA-> HOLLINSHED, TARYN CYRA
457 2行 LABARBARA, GREGORIO LEANDRO-> LABARBARA, GREGORIO LEANDRO
458 4行 DINUZZO, TRESA-> DINUZZO, TRESA 
459 5行 FOSMIRE, LEEANN-> FOSMIRE, LEEANN 
46 3行 OSTRUM, LIDIA CARLENA-> OSTRUM, LIDIA CARLENA
460 4行 DONLAN, DONNETTE-> DONLAN, DONNETTE 
461 5行 ROHALEY, KRISTEN LANE-> ROHALEY, KRISTEN LANE 
462 4行 CROOKER, KOORI ELDORA-> CROOKER, KOORI ELDORA 
463 4行 WANGERIN, BRENDON, DUANE'CARMEN-> WANGERIN, BRENDON, DUANE'CARMEN 
464 3行 SHMIDT, JC-> SHMIDT, JC
465 4行 DAGESSE, MEHRYN-> DAGESSE, MEHRYN 
466 4行 SHARMA, CARISSA-> SHARMA, CARISSA 
467 5行 ISTRE, KELVIN-> ISTRE, KELVIN 
468 4行 TREESE, NICK CHIQUITA-> TREESE, NICK CHIQUITA 
469 2行 KOSMOWSKI, SHELBA-> KOSMOWSKI, SHELBA
471 2行 WESTRAY, ZADIE VALENTIN-> WESTRAY, ZADIE VALENTIN
472 5行 KLASING, ERNIE-> KLASING, ERNIE 
474 4行 CAFASSO, SHELLA JENN-> CAFASSO, SHELLA JENN 
475 3行 CHADBOURNE, ROOKWOOD-> CHADBOURNE, ROOKWOOD
476 2行 OMDAHL, ZAHARA NATHANAEL-> OMDAHL, ZAHARA NATHANAEL
477 4行 EVERHEART, MYRON SAMAIRA-> EVERHEART, MYRON SAMAIRA 
478 5行 ISSAC, JAIME JONATHAN-> ISSAC, JAIME JONATHAN 
479 2行 OSTENDORFF, REGAN ILYARRIE-> OSTENDORFF, REGAN ILYARRIE
48 2行 MCCHESNEY, ORVAL-> MCCHESNEY, ORVAL
480 5行 CROMAN, JOELLA NOMA-> CROMAN, JOELLA NOMA 
481 2行 ROWOLD, BENNETT CHRISTIAN-> ROWOLD, BENNETT CHRISTIAN
482 2行 DUNSTON, JAMA-> DUNSTON, JAMA
483 3行 Solum, GAYLORD A-> Solum, GAYLORD A
484 2行 HOOSIER, MERIDA-> HOOSIER, MERIDA
485 2行 OLSHAN, LIBBY MYRIAM-> OLSHAN, LIBBY MYRIAM
486 5行 BECKIUS, COCO-> BECKIUS, COCO 
487 2行 DELAFONTAINE, GLORIA-> DELAFONTAINE, GLORIA
488 2行 RIEDELL, GRAHAM RUBI-> RIEDELL, GRAHAM RUBI
489 5行 PARZYCH, JULI-> PARZYCH, JULI 
49 3行 GODZIK, YESENIA KENDAL-> GODZIK, YESENIA KENDAL
490 2行 RUGAMA, THURMAN-> RUGAMA, THURMAN
491 5行 PASQUALETTI, ANASTASIA RENNA-> PASQUALETTI, ANASTASIA RENNA 
492 4行 COUVERTIER, ELSIE-> COUVERTIER, ELSIE 
493 2行 MCCRUDDEN, AMI SHANEL-> MCCRUDDEN, AMI SHANEL
494 3行 ARROSPIDE, VEDIKA-> ARROSPIDE, VEDIKA
495 4行 EVERT, VALENTIN-> EVERT, VALENTIN 
496 4行 KAMIYA, GUSSIE ZEHRA-> KAMIYA, GUSSIE ZEHRA 
497 3行 ENCINIAS, TANVI HIPOLITO-> ENCINIAS, TANVI HIPOLITO
498 4行 THEILEN, SYDNEY-MARAM-> THEILEN, SYDNEY-MARAM 
499 4行 GROSCLAUDE, TOMAS DHIRRI-> GROSCLAUDE, TOMAS DHIRRI 
50 3行 ANDRICK, THRESA TASIA-> ANDRICK, THRESA TASIA
500 4行 FETTERLY, SARIA-> FETTERLY, SARIA 
501 4行 BRAFF, JOHNNY-> BRAFF, JOHNNY 
502 5行 LAHREN, VAUGHN LEATRICE-> LAHREN, VAUGHN LEATRICE 
503 2行 GUERRIDO, ROSELEE-> GUERRIDO, ROSELEE
504 4行 BRAMHALL, LUCIEN-> BRAMHALL, LUCIEN 
505 5行 ROUSSELLE, SUSIE CREOLA-> ROUSSELLE, SUSIE CREOLA 
506 5行 WALTENBAUGH, CYRIL-> WALTENBAUGH, CYRIL 
507 4行 KYUNG, CLAIR ISRAEL-> KYUNG, CLAIR ISRAEL 
508 3行 REDDITT, MERLYN-> REDDITT, MERLYN
509 4行 CAPPOLA, JAE-> CAPPOLA, JAE 
51 4行 DEGAN, ANIBAL-> DEGAN, ANIBAL 
510 3行 YAFAI, KASSIDY-> YAFAI, KASSIDY
511 2行 GEMBLER, WILFRED-> GEMBLER, WILFRED
512 2行 ARRIOLA, ILLOURA CASSI-> ARRIOLA, ILLOURA CASSI
513 3行 JOHNSTONBAUGH, STANFORD-> JOHNSTONBAUGH, STANFORD
514 5行 OSTERSTUCK, WENDOLYN-> OSTERSTUCK, WENDOLYN 
515 3行 OPOIEN, DELAINE-> OPOIEN, DELAINE
516 5行 LICKEY, GLEN NIGEL-> LICKEY, GLEN NIGEL 
517 4行 STERN, LUCIE-> STERN, LUCIE 
518 4行 GILBAR, RIKKI, DORI-FLORANCE-> GILBAR, RIKKI, DORI-FLORANCE 
519 5行 OCHS, THERESSA-> OCHS, THERESSA 
52 2行 HANISKO, FRANK-> HANISKO, FRANK
520 3行 CUADRAS, LOREEN MARCIE-> CUADRAS, LOREEN MARCIE
521 5行 PRIMA, PATRINA-> PRIMA, PATRINA 
522 2行 CALDRON, LAWANNA NICOLETTE-> CALDRON, LAWANNA NICOLETTE
523 5行 CARDIN, YARA-BELLE-> CARDIN, YARA-BELLE 
524 2行 STURRUP, YON-> STURRUP, YON
525 4行 INGARGIOLO, TALGAI-> INGARGIOLO, TALGAI 
526 4行 DEMMONS, TODD-> DEMMONS, TODD 
527 3行 SCHNAIBLE, ERNESTINE LEA-> SCHNAIBLE, ERNESTINE LEA
529 4行 TESSLER, ARLINDA MARTY-> TESSLER, ARLINDA MARTY 
53 5行 BRANEN, KAILA ROYCE-> BRANEN, KAILA ROYCE 
530 4行 DESANTOS, LONNY-> DESANTOS, LONNY 
531 2行 BUDROVICH, YULANDA VALYA-> BUDROVICH, YULANDA VALYA
532 3行 CHEENEY, JAMEL-BEAULAH-> CHEENEY, JAMEL-BEAULAH
533 2行 ANNAL, JULIO-> ANNAL, JULIO
534 4行 UDOH, DETRA-> UDOH, DETRA 
535 3行 JITCHAKU, NAT-> JITCHAKU, NAT
536 2行 TRINKL, ONELLE-> TRINKL, ONELLE
537 4行 LIMB, MONTE RHETT-> LIMB, MONTE RHETT 
538 5行 PERTEA, EVAN BASIL-> PERTEA, EVAN BASIL 
539 3行 BRZEZOWSKI, MARIELLE MAILE-> BRZEZOWSKI, MARIELLE MAILE
54 5行 WINOGRAD, BEATRIZ-> WINOGRAD, BEATRIZ 
540 2行 MTHIMUNYE, BENNY-> MTHIMUNYE, BENNY
541 5行 BAUSWELL, THUKERI-> BAUSWELL, THUKERI 
542 2行 BARNTHOUSE, TRACY-> BARNTHOUSE, TRACY
543 2行 BAYS, GISELE-> BAYS, GISELE
544 5行 ALEXAKI, LON WENONA-> ALEXAKI, LON WENONA 
546 4行 ARMENTEROS, DERRICK CARROLL-> ARMENTEROS, DERRICK CARROLL 
547 3行 BATTIATA, WALDO-> BATTIATA, WALDO
548 2行 LARRIBEAU, DARIO-> LARRIBEAU, DARIO
549 4行 SWING, KORY-> SWING, KORY 
55 5行 ENKERUD, TYRON-> ENKERUD, TYRON 
550 4行 BOLLOM, FINN-> BOLLOM, FINN 
551 4行 BUERSTATTE, ALAN-> BUERSTATTE, ALAN 
552 3行 SHINTANI, BILL CLAIRE-> SHINTANI, BILL CLAIRE
553 4行 PHIFER, TONI-> PHIFER, TONI 
554 2行 BARNATHAN, ELIZEBETH-> BARNATHAN, ELIZEBETH
555 3行 MECZYWOR, ALEIDA-> MECZYWOR, ALEIDA
556 2行 KRUPPENBACHER, ANDY-> KRUPPENBACHER, ANDY
557 2行 TROKE, MALORIE-> TROKE, MALORIE
558 3行 SHAMI, YVONNE-> SHAMI, YVONNE
559 4行 SACK, RICARDO-> SACK, RICARDO 
56 4行 VLJERIC, PHIL-> VLJERIC, PHIL 
560 5行 PLETCHER, SUZIE NICKOLAS-> PLETCHER, SUZIE NICKOLAS 
561 2行 DARBONNE, ROSS-> DARBONNE, ROSS
562 2行 MONROW, LINDSAY-> MONROW, LINDSAY
564 4行 VALVANO, JULIUS WARREN-> VALVANO, JULIUS WARREN 
565 2行 WOOLFORD, OLA-> WOOLFORD, OLA
566 5行 HOVER, GREGORY-> HOVER, GREGORY 
567 2行 BAYUS, BOLESLAWS-> BAYUS, BOLESLAWS
569 4行 Shelkoff, GILDA N-> Shelkoff, GILDA N 
57 3行 HANE, MOHAMED-> HANE, MOHAMED
570 4行 STRANGER, GARFIELD PENNIE STEVIE-> STRANGER, GARFIELD PENNIE STEVIE 
571 4行 MERKLE, TEODORA CRISSY-> MERKLE, TEODORA CRISSY 
572 3行 ALEXION, EMOGENE-> ALEXION, EMOGENE
573 2行 FARAG, ZANNA-> FARAG, ZANNA
574 4行 HANSBERRY, MIAH-> HANSBERRY, MIAH 
575 5行 LOPAZ, MAUD GINNY-> LOPAZ, MAUD GINNY 
576 4行 NOICE, VERINA-> NOICE, VERINA 
577 4行 VANHEEL, JAROD-> VANHEEL, JAROD 
578 3行 NOWITZKE, SETH-> NOWITZKE, SETH
579 2行 MUTHANA, RODOLFO-> MUTHANA, RODOLFO
58 2行 PIROG, MICAH-SIGMUND-> PIROG, MICAH-SIGMUND
580 3行 REAPER, AHMED-> REAPER, AHMED
581 4行 PESTO, IRISH INEZ-> PESTO, IRISH INEZ 
582 4行 GAGEN, GARNET KEITH-> GAGEN, GARNET KEITH 
584 2行 GOSSEN, JAROD CASIE-> GOSSEN, JAROD CASIE
585 2行 ARREQUIN, BRAIN KRIS-> ARREQUIN, BRAIN KRIS
586 3行 GRAVIT, DARON AUBREY-> GRAVIT, DARON AUBREY
587 2行 WAGNER, REED FRANK-> WAGNER, REED FRANK
588 2行 ENGLUND, BLAKE-> ENGLUND, BLAKE
589 3行 GIRARDOT, FREYA JONAS-> GIRARDOT, FREYA JONAS
590 4行 MANDIOLA, ZARA-> MANDIOLA, ZARA 
592 4行 HERSHEY, ESTEBAN-> HERSHEY, ESTEBAN 
593 4行 CAVARETTA, OLA-> CAVARETTA, OLA 
594 5行 MCCUMBER, LYNN MAX-> MCCUMBER, LYNN MAX 
595 4行 ZAMMIELLO, HUGH-> ZAMMIELLO, HUGH 
596 2行 PEERBOLT, WADJARRI-> PEERBOLT, WADJARRI
597 3行 HOBGOOD, JEFFEREY OOLDEA ARLIE-> HOBGOOD, JEFFEREY OOLDEA ARLIE
598 2行 BERGGREN, FREDDY KEVIN-> BERGGREN, FREDDY KEVIN
599 2行 GRANDBOIS, MONNIE OTTO-> GRANDBOIS, MONNIE OTTO
60 5行 LOCHEN, COREY SANG-> LOCHEN, COREY SANG 
600 4行 CEREO, MAXWELL-> CEREO, MAXWELL 
601 2行 HUDNELL, ASHLY WAYNE-> HUDNELL, ASHLY WAYNE
602 5行 BURGHARD, PARTICIA-> BURGHARD, PARTICIA 
603 4行 FREEBURGER, KALLIE-> FREEBURGER, KALLIE 
604 4行 ZEDIKER, ANTONY SEREN-> ZEDIKER, ANTONY SEREN 
605 5行 CLAUGHTON, DOUGLASS TIEN MINH-> CLAUGHTON, DOUGLASS TIEN MINH 
606 2行 HEIN, SPARROW DEANA-> HEIN, SPARROW DEANA
607 4行 BILLINGER, LAKEESHA-> BILLINGER, LAKEESHA 
608 5行 RAPACKI, KARISSA-> RAPACKI, KARISSA 
609 4行 ZEINERT, ELENE-> ZEINERT, ELENE 
610 2行 FUNE, ADINA MAJOR-> FUNE, ADINA MAJOR
611 5行 CHARGOIS, SUDIE-> CHARGOIS, SUDIE 
612 2行 TEEPLES, MARYLIN-> TEEPLES, MARYLIN
613 4行 CAPAROULA, ISAIAH RUSS-> CAPAROULA, ISAIAH RUSS 
614 3行 VANLUE, BENTON LAURENCE-> VANLUE, BENTON LAURENCE
615 4行 PARADIS, CORDELIA-> PARADIS, CORDELIA 
616 4行 SOFFA, EDA-> SOFFA, EDA 
617 3行 WALETZKO, ALLENA-> WALETZKO, ALLENA
618 2行 PONTI, LACEY CASSIE-> PONTI, LACEY CASSIE
619 4行 TAFFER, NOA-> TAFFER, NOA 
62 5行 OATLEY, OTIS-> OATLEY, OTIS 
620 2行 MOULD, KENDRICK-> MOULD, KENDRICK
621 2行 NELLIGAN, PEARLIE CHRISSY-> NELLIGAN, PEARLIE CHRISSY
622 5行 HILAIRE, ERASMO-> HILAIRE, ERASMO 
623 4行 VULLO, WINSTON-> VULLO, WINSTON 
624 2行 HEBDA, GUDRUN-> HEBDA, GUDRUN
625 3行 BORNSTEIN, MARTH NADENE-> BORNSTEIN, MARTH NADENE
626 2行 DOLSEN, SARAN-> DOLSEN, SARAN
627 2行 REWAKOWSKI, TARRA-> REWAKOWSKI, TARRA
628 5行 BUNKLEY, COURTNEY-> BUNKLEY, COURTNEY 
629 4行 ANNICCHIARICO, JUDY-> ANNICCHIARICO, JUDY 
63 4行 HUBBY, TUAN-> HUBBY, TUAN 
630 5行 LAROSE, WALLY-> LAROSE, WALLY 
631 4行 SCHAPER, SHERWOOD QUINN-> SCHAPER, SHERWOOD QUINN 
633 4行 ZANGL, ALINA HAYDEE-> ZANGL, ALINA HAYDEE 
64 5行 NEIS, BARABARA-BEULAH-> NEIS, BARABARA-BEULAH 
65 2行 LEDUC, EMIL-> LEDUC, EMIL
66 5行 CUA, MAURINE-> CUA, MAURINE 
67 4行 ALLDREDGE, KASSIDY JOHN-> ALLDREDGE, KASSIDY JOHN 
68 3行 HICIANO, ZACHARY ARDIS-> HICIANO, ZACHARY ARDIS
69 3行 THAGARD, NOE AHMED-> THAGARD, NOE AHMED
70 5行 WYDRYCK, ROSELIA ASHTON WIRADJURI-> WYDRYCK, ROSELIA ASHTON WIRADJURI 
700 4行 PLOMMA, JOESPH-> PLOMMA, JOESPH 
701 4行 FRITZGERALD, JENNI MICHALE-> FRITZGERALD, JENNI MICHALE 
702 5行 SAINES, JESSIE-> SAINES, JESSIE 
71 2行 KLAR, EDMUNDO-> KLAR, EDMUNDO
72 3行 GABOURY, SHANEL-> GABOURY, SHANEL
73 3行 MARTINKUS, BELLA-> MARTINKUS, BELLA
74 3行 LATOURRETTE, ROBENA-> LATOURRETTE, ROBENA
75 5行 OREGEL, PERRY-> OREGEL, PERRY 
76 5行 COSSIO, MANDUWAY-> COSSIO, MANDUWAY 
77 5行 KERKEL, DIANNE TAWNY-> KERKEL, DIANNE TAWNY 
78 4行 ILALIO, CONNOR-> ILALIO, CONNOR 
79 5行 COTRONE, SHIRLEY-> COTRONE, SHIRLEY 
80 3行 DONADIO, BENNETT-> DONADIO, BENNETT
81 4行 STRICKERT, ELOISE JOSIAH-> STRICKERT, ELOISE JOSIAH 
82 5行 MCQUARY, ARLIE-> MCQUARY, ARLIE 
84 4行 ULBERG, ERNEST-> ULBERG, ERNEST 
85 5行 BORSTAD, AUSTIN TYREE-> BORSTAD, AUSTIN TYREE 
86 5行 WHEELAN, KIMBERLY LASONYA-> WHEELAN, KIMBERLY LASONYA 
87 4行 MATACALE, GINGER JACQUE-> MATACALE, GINGER JACQUE 
88 5行 FINSTAD, RUBI-> FINSTAD, RUBI 
89 5行 KILGO, MAGALI LENNA-> KILGO, MAGALI LENNA 
9 2行 DORTA, CORDELL-> DORTA, CORDELL
90 5行 MALTESE, SUKI-> MALTESE, SUKI 
91 4行 DILEO, MAYNARD-> DILEO, MAYNARD 
92 5行 DUNNIGAN, QUINN-> DUNNIGAN, QUINN 
93 5行 KLAASSEN, GUSTAVO-> KLAASSEN, GUSTAVO 
94 5行 LAROSE, JONATHON-> LAROSE, JONATHON 
95 4行 LEDAY, WILLARD-> LEDAY, WILLARD 
96 5行 BARCOMB, FOSTER-> BARCOMB, FOSTER 
97 4行 PATRUM, GLADYS-> PATRUM, GLADYS 
98 5行 TRAM, AURELIO-> TRAM, AURELIO 
99 3行 MOBILIA, RAMIRO MARTY-> MOBILIA, RAMIRO MARTY
file100 9行 VERONE, KARY-> VERONE, KARY 
file100 21行 VALENTIN PILLARD-> Name: VALENTIN PILLARD.
file100 66行 JOSPEH SHABAN-> Name: JOSPEH SHABAN.
file10066 10行 Vacanti-> Vacanti
file10066 30行 Beresnyak-> Beresnyak
file10066 84行 Keneth-> Keneth
file1010 9行 ANGLUM, DANE LIONEL-> ANGLUM, DANE LIONEL
file10161 9行 RODDE, LYMAN ERNEST-> RODDE, LYMAN ERNEST
file10280 9行 FINZEL, GAIA-> FINZEL, GAIA
file10308 7行 STOFFLE, ALETHA ONYX-> STOFFLE, ALETHA ONYX
file10351 7行 LAMONTAGNA, USHNA EARLEAN-> LAMONTAGNA, USHNA EARLEAN
file10409 7行 PUTTY, PALMER-> PUTTY, PALMER
file10418 10行 Tobola-> Tobola
file10418 152行 Jahncke-> Jahncke
file10484 9行 CHANDLEY, LATASHIA-> CHANDLEY, LATASHIA
file10528 9行 ZION, PARTHENIA TAMMARA-> ZION, PARTHENIA TAMMARA
file105280 10行 Papetti-> Papetti
file105280 30行 Dinucci-> Dinucci
file105280 92行 Weigart-> Weigart
file1055 9行 LICCIARDI, TORY-> LICCIARDI, TORY
file10579 9行 MUNZER, WALLY VICENTA-> MUNZER, WALLY VICENTA
file10623 10行 Daren-> Daren
file10623 30行 Britt-> Britt
file10623 78行 Turlich-> Turlich
file10646 9行 AUGELLO, BENJAMIN ANIYA-> AUGELLO, BENJAMIN ANIYA
file10672 7行 BOUTTE, SLYVIA TYLER-> BOUTTE, SLYVIA TYLER
file10725 9行 WILDER, BOY-> WILDER, BOY
file10763 9行 THALLS, THEA-> THALLS, THEA
file1079 7行 KAMPFER, TRISTA-> KAMPFER, TRISTA
file10806 9行 BARBE, ABRAHAM ANTONY-> BARBE, ABRAHAM ANTONY
file10826 10行 JUNIOR-> JUNIOR
file10826 185行 Floran-> Floran
file10861 9行 BRUUN, JULIUS TRUMAN-> BRUUN, JULIUS TRUMAN
file1090 10行 Borgstrom-> Borgstrom
file1090 30行 Sepulbeda-> Sepulbeda
file1090 163行 Dubord-> Dubord
file10928 9行 ORRISON, FLETCHER-> ORRISON, FLETCHER
file10936 10行 Rudloff-> Rudloff
file10936 30行 Lapa-> Lapa
file10936 92行 Strakbein-> Strakbein
file10970 7行 HAUSMAN, CHIEKO TORIA-> HAUSMAN, CHIEKO TORIA
file10996 7行 RYMAN, HANS-> s0 RYMAN, HANSch
file11031 10行 Emerson-> Emerson
file11031 30行 Emmett-> Emmett
file11031 78行 Robusto-> Robusto
file11055 9行 DENAULT, JANELL HEIDI-> DENAULT, JANELL HEIDI
file11125 10行 Altobelli-> Altobelli
file11125 77行 Twait-> Twait
file11140 9行 OZA, RONALD-> OZA, RONALD
file11203 9行 LAWMAN, RONNY KAY-> LAWMAN, RONNY KAY
file11235 10行 Eisenhauer-> Eisenhauer
file11235 30行 Pirrotta-> Pirrotta
file11235 92行 Vildosola-> Vildosola
file11380 10行 Streb-> Streb
file11380 30行 Mclawhorn-> Mclawhorn
file11380 127行 COLE-HUANG-> COLE-HUANG
file11490 10行 Fiora-> Fiora
file11490 30行 Flaim-> Flaim
file11490 92行 Arview-> Arview
file1163 9行 PASZEK, SAMATHA-> PASZEK, SAMATHA
file11639 10行 Nakama-> Nakama
file11639 30行 Birsner-> Birsner
file11639 132行 Else-> Else
file11749 10行 Tietje-> Tietje
file11749 30行 Krzyston-> Krzyston
file11749 92行 Krasnici-> Krasnici
file11923 10行 Funari-> Funari
file11923 30行 Brendon-> Brendon
file11923 42行 CURLIS, GUILLERMO SHELTON-> 75C17563 (75C175634O) CURLIS, GUILLERMO SHELTON
file11923 155行 Rehagen-> Rehagen
file12024 10行 Osler-> Osler
file12024 30行 Carrilo-> Carrilo
file12024 84行 Adam-> Adam
file1208 10行 Candelaria-> Candelaria, insrsid6317412 JENIFFER RHOADES
file1208 10行 JENIFFER RHOADES-> Candelaria, insrsid6317412 JENIFFER RHOADES
file12198 10行 Schuiling-> Schuiling
file12198 30行 Tad-> Tad
file12198 42行 BOUSUM, WILBERT ROBIN-> 08J18169 (08J181690M) BOUSUM, WILBERT ROBIN
file12198 155行 Lauckner-> Lauckner
file12372 10行 Mcqueeney-> Mcqueeney
file12372 30行 Freeman-> Freeman
file12372 42行 FIXARI, BLAINE DEWAYNE-> 34S82366 (34S823665P) FIXARI, BLAINE DEWAYNE
file12372 155行 Panasci-> Panasci
file1264 9行 CASTANADA, LISA-> CASTANADA, LISA
file12754 154行 EDGELL, ELROY-> AUTHORISED BY:	EDGELL, ELROY at 11:48 AM on 08-07-2016  (ta)
file12835 10行 Coy-> Coy
file12835 30行 Irvin-> Irvin
file12835 78行 Hestand-> Hestand
file130051 10行 BURT-> BURT
file130051 30行 Pellitteri-> Pellitteri
file130051 43行 GALLOSA, CHERIE ARISTIDE-> 25U66581,25U66581 (25U6658189) GALLOSA, CHERIE ARISTIDE
file130051 151行 Abriola-> Abriola
file1310 9行 JUART, ARGENTINA-> JUART, ARGENTINA
file13354 10行 Errol-> Errol
file13354 30行 Walt-> Walt
file13354 43行 AKEN, LINO TYRELL-> 58B67187,58B67187 (58B671874X) AKEN, LINO TYRELL
file13354 129行 Chmela-> Chmela
file13651 10行 Finn-> Finn
file13651 97行 Shay-> Shay
file13836 10行 Gordon-> Gordon
file13836 30行 Teagle-> Teagle
file13836 163行 Sanchz-> Sanchz
file14148 10行 Chico-> Chico
file14148 30行 Pharo-> Pharo
file14148 92行 Barkhimer-> Barkhimer
file1417 9行 ERIKSEN, ROCCO-> ERIKSEN, ROCCO
file14328 10行 Liedy-> Liedy
file14328 43行 STUMPF, ADAN-> 71T96562 (71T965622Q) STUMPF, ADAN
file14328 161行 Lamar-> Lamar
file1436 10行 Tokuoka-> Tokuoka
file1436 30行 Rudish-> Rudish
file1436 127行 ELLIS-GEFFERS-> ELLIS-GEFFERS
file14471 10行 Morrison-> Morrison
file14471 44行 MAGALONG, WILFORD-> 92D15895 (92D158955Y) MAGALONG, WILFORD
file14471 124行 Kunkler-> Kunkler
file14638 10行 Mulac-> Mulac
file14638 30行 Pritchet-> Pritchet
file14638 43行 AUGSPURGER, ERASMO TOMEK-> 61W09263 (61W092636X) AUGSPURGER, ERASMO TOMEK
file14638 147行 Molesworth-> Molesworth
file147 10行 Stefan-> Stefan
file147 30行 Mack-> Mack
file147 43行 DIPAOLA, LEONEL HARRY-> 77O13385,77O13385 (77O133852O) DIPAOLA, LEONEL HARRY
file147 129行 Yepes-> Yepes
file14786 10行 Mickey-> Mickey
file14786 30行 Paris-> Paris
file14786 43行 COLUMBUS, JAROD BRENDAN-> 83G18596,83G18596 (83G185969F) COLUMBUS, JAROD BRENDAN
file14786 129行 Ricciuti-> Ricciuti
file14896 10行 Gaspar-> Gaspar
file14896 30行 XANDER-MCCADDEN-> XANDER-MCCADDEN
file14896 91行 Shiring-> Shiring
file1491 7行 SMIGLEWSKI, LUIGI GARRET-> SMIGLEWSKI, LUIGI GARRET
file15147 10行 Decaire-> Decaire
file15147 30行 REGINALD-> REGINALD
file15147 98行 Pallett-> Pallett
file15207 10行 Cannard-> Cannard
file15207 30行 Jaskiewicz-> Jaskiewicz
file15207 51行 Jaques-> Jaques
file1535 9行 GANTNIER, CHONG FLOYD-> GANTNIER, CHONG FLOYD
file15381 10行 Dutel-> Dutel
file15381 30行 Cubbison-> Cubbison
file15381 43行 WHITTEKER, LINETTE SHANNON-> 42A86190,42A86190 (42A8619035) WHITTEKER, LINETTE SHANNON
file15381 155行 Postlewait-> Postlewait
file15555 10行 Crome-> Crome
file15555 30行 Adalberto-> Adalberto
file15555 42行 TRUXON, ROSENDO NUMBERS-> 33Y67515 (33Y675152Q) TRUXON, ROSENDO NUMBERS
file15555 155行 Lewerke-> Lewerke
file15725 10行 BRAXTON-> BRAXTON
file15725 30行 Levien-> Levien
file15725 43行 CORNETTA, ZETTA HARRY-> 53V59987,53V59987 (53V5998752) CORNETTA, ZETTA HARRY
file15725 151行 Bradberry-> Bradberry
file1576 9行 JACINTO, ASHTON ANDY-> JACINTO, ASHTON ANDY
file161 9行 STILLEY, GREGORY ROCHELLE-> STILLEY, GREGORY ROCHELLE
file16241 10行 Dominick-> Dominick
file16241 30行 Marcelo-> Marcelo
file16241 43行 BYUS, ANTONIO COLE-> 92U64694,92U64694 (92U646948W) BYUS, ANTONIO COLE
file16241 129行 Billen-> Billen
file16301 10行 Harfert-> Harfert
file16301 30行 Carns-> Carns
file16301 51行 Raborn-> Raborn
file16461 10行 Forslin-> Forslin
file16461 30行 Zarrineh-> Zarrineh
file16461 142行 Figart-> Figart
file16635 10行 Despain-> Despain
file16635 30行 Artinian-> Artinian
file16635 43行 SPURZEM, ROSEANN THU-> 08L40220,08L40220 (08L4022036) SPURZEM, ROSEANN THU
file16635 155行 Arrowood-> Arrowood
file1671 9行 ENGROFF, CARSON-> ENGROFF, CARSON
file16809 10行 Dina-> Dina
file16809 30行 Naiman-> Naiman
file16809 43行 MCCOO, ALAINA SAUNDRA-> 30Y92788,30Y92788 (30Y9278846) MCCOO, ALAINA SAUNDRA
file16809 155行 Burnsworth-> Burnsworth
file16922 10行 Bartley-> Bartley
file16922 30行 Uhles-> Uhles
file16922 95行 Yon-> Yon
file17027 10行 Bernard-> Bernard
file17027 30行 Giantonio-> Giantonio
file17027 87行 Wanzek-> Wanzek
file1709 9行 TILSON, GAVIN-> TILSON, GAVIN
file1709 11行 BRAD NEUGEBAUER-> BRAD NEUGEBAUER
file17250 10行 Darrah-> Darrah
file17250 42行 SLOWIK, CLEMENTE-> 88W88900,88W88900 (88W889006J) SLOWIK, CLEMENTE
file17250 205行 Knab-> Knab
file17371 10行 Rashad-> Rashad
file17371 30行 Wragge-> Wragge
file17371 104行 Froiland-> Froiland
file174 9行 ZIGLER, BARRY-> ZIGLER, BARRY 
file17474 10行 Lamping-> Lamping
file17474 85行 Kenton-> Kenton
file17572 10行 Cosca-> Cosca
file17572 30行 Moye-> Moye
file17572 80行 Justian-> Justian
file17663 10行 Havey-> Havey
file17663 30行 Buckson-> Buckson
file17663 74行 Elvin-> Elvin
file17765 10行 Toepke-> Toepke
file17765 30行 Rebert-> Rebert
file17765 84行 Pilar-> Pilar
file17850 6行 ANGELONE, TOMAS-> Pathology Report80T54408 (80T544082J) ANGELONE, TOMAS
file17856 10行 Pickle-> Pickle
file17856 73行 Jett-> Jett
file17908 6行 MARCHELL, ANDREW-> Pathology Report59H16699 (59H166998D) MARCHELL, ANDREW
file17946 10行 Schilawski-> Schilawski
file17946 30行 Tonder-> Tonder
file17946 72行 Marcin-> Marcin
file18049 10行 Manzione-> Manzione
file18049 85行 Hollis-> Hollis
file18050 7行 KABUS, HARRIETTE RALEIGH-> 22W23817,22W23817 (22W238173D) KABUS, HARRIETTE RALEIGH
file1809 9行 POHLMANN, SIMRAN REGINE ORLAITH-> POHLMANN, SIMRAN REGINE ORLAITH
file18110 6行 PERCIFUL, BRADFORD VALENTINE-> Pathology Report38O37028 (38O370289U) PERCIFUL, BRADFORD VALENTINE
file18162 10行 Harley-> Harley
file18162 30行 Dobbins-> Dobbins
file18162 95行 Lysiak-> Lysiak
file18256 6行 JOLISSAINT, JACK STEVE-> Pathology Report91O17295 (91O1729540) JOLISSAINT, JACK STEVE
file18395 6行 ARTS, GIDGET TRACY-> Pathology Report49K29391,49K29391 (49K2939124) ARTS, GIDGET TRACY
file18460 6行 CUNAS, FRASER SARGE-> Pathology Report07G22406 (07G2240607) CUNAS, FRASER SARGE
file18545 10行 Warnell-> Warnell
file18545 30行 Dammeyer-> Dammeyer
file18545 95行 Caughran-> Caughran
file1861 9行 PREAS, TASHINA-> PREAS, TASHINA
file18658 10行 Verba-> Verba
file18658 30行 Arruda-> Arruda
file18658 95行 Vanhandel-> Vanhandel
file18702 8行 LESE, KOORI MARCEL-> 29R30720 (29R307203C) LESE, KOORI MARCEL  HISTOPATHOLOGY REPORT:
file18752 10行 Mickell-> Mickell
file18752 43行 ECHOLS, WERNER-> 87N33835 (87N338351K) ECHOLS, WERNER
file18752 75行 Grimmius-> Grimmius
file18843 8行 MUCKERMAN, COY WARRIYANGGA-> 82R20096 (82R200968J) MUCKERMAN, COY WARRIYANGGA
file18865 10行 Lurvey-> Lurvey
file18865 30行 Heebner-> Heebner
file18865 95行 Arwood-> Arwood
file18894 6行 ORTELLI, HARRIS-> Pathology Report13X07033 (13X070336N) ORTELLI, HARRIS
file18978 10行 Hanberg-> Hanberg
file18978 30行 Beagle-> Beagle
file18978 95行 Sabat-> Sabat
file18984 6行 JUBRAN, MAYNARD JARRED-> Pathology Report66X97309 (66X973091U) JUBRAN, MAYNARD JARRED
file19061 6行 MACLACHLAN, SMOKEY LAMAR-> Pathology Report24T99305 (24T993059D) MACLACHLAN, SMOKEY LAMAR
file19091 10行 Hader-> Hader
file19091 30行 Dozar-> Dozar
file19091 95行 Mueller-> Mueller
file19162 7行 BIBEE, PHILIP VINCENZO-> 30L03516 (30L035165U) BIBEE, PHILIP VINCENZO
file19219 6行 BUANNO, ANGELO BERNARD-> Pathology Report98I06622 (98I066223D) BUANNO, ANGELO BERNARD
file19251 10行 Streat-> Streat
file19251 30行 Backers-> Backers
file19251 142行 Krzesinski-> Krzesinski
file19372 10行 Lyman-> Lyman
file19372 30行 Kung-> Kung
file19372 104行 Euresti-> Euresti
file19423 6行 NYCE, EDWARD-> Pathology Report09E98995,09E98995 (09E989957T) NYCE, EDWARD
file19462 10行 Gartner-> Gartner
file19462 30行 Liranzo-> Liranzo
file19462 72行 Nunn-> Nunn
file19464 6行 GRGUREVIC, BRODIE BRITT-> Pathology Report30K74931 (30K749314W) GRGUREVIC, BRODIE BRITT
file1950 9行 WILLABY, YANNICK-SHONNA-> WILLABY, YANNICK-SHONNA
file19513 6行 SKILL, KARON-> Pathology Report93K64207 (93K642079E) SKILL, KARON
file19553 10行 Batton-> Batton
file19553 73行 Jude-> Jude
file19599 6行 LEANZA, DANNETTE VLADIMIR MARVIN-> Pathology Report09C79419,09C79419 (09C794196V) LEANZA, DANNETTE VLADIMIR MARVIN
file19655 10行 Chisari-> Chisari
file19655 30行 Mauter-> Mauter
file19655 84行 Salonek-> Salonek
file19671 6行 LEITHOFF, FELIPE-> Pathology Report15U73521 (15U735212M) LEITHOFF, FELIPE
file19746 10行 Purkerson-> Purkerson
file19746 30行 Yaw-> Yaw
file19746 74行 Deon-> Deon
file19755 6行 STELB, YU-> Pathology Report84I45722 (84I4572292) STELB, YU
file1977 7行 POUPARD, VANNA-> POUPARD, VANNA
file19800 6行 BOGAERT, VERNON KERRY-> Pathology Report90A40834 (90A4083459) BOGAERT, VERNON KERRY
file19844 10行 Lahman-> Lahman
file19844 30行 Essery-> Essery
file19844 80行 Limon-> Limon
file19874 6行 MARAZZI, SAMMIE-> Pathology Report52B30100 (52B3010002) MARAZZI, SAMMIE
file19957 10行 Derkach-> Derkach
file19957 30行 Coca-> Coca
file19957 95行 Schiraldi-> Schiraldi
file19974 6行 BUEHNER, VALENTINE HYMAN-> Pathology Report68T34212 (68T342126W) BUEHNER, VALENTINE HYMAN
file20071 10行 Denbow-> Denbow
file20071 30行 Balbas-> Balbas
file20071 43行 CABAL, JUAN HARLAN-> 26P46318 (26P463184F) CABAL, JUAN HARLAN
file20071 96行 Van-> Van
file20120 6行 VANBLARCOM, MISTY-> Pathology Report74L48423,74L48423 (74L4842325) VANBLARCOM, MISTY
file20160 6行 TEDDER, VALENCIA-> Pathology Report32H41539,32H41539 (32H4153918) TEDDER, VALENCIA
file20181 10行 Wilbert-> Wilbert
file20181 43行 GELBOWITZ, LLOYD-> 80E53535 (80E535359F) GELBOWITZ, LLOYD
file20181 91行 Olen-> Olen
file20244 6行 FIRMIN, CORY-ANTONIETTA-> Pathology Report48A55641,48A55641 (48A556417N) FIRMIN, CORY-ANTONIETTA
file20283 6行 DISPARTE, CHUNG-> Pathology Report43E33801 (43E338014M) DISPARTE, CHUNG
file20291 10行 Wayne-> Wayne
file20291 43行 RINIKER, EMILE-> 01A45907 (01A459072V) RINIKER, EMILE
file20291 91行 Jewell-> Jewell
file20321 6行 SANTHUFF, EMMANUEL TERRANCE-> Pathology Report59W47913 (59W479130E) SANTHUFF, EMMANUEL TERRANCE HISTOPATHOLOGY REPORT:
file2037 7行 GEARING, TAMEKA-> GEARING, TAMEKA
file20398 6行 SAMAY, LOGAN JEFFERY-> Pathology Report64O51125 (64O511256V) SAMAY, LOGAN JEFFERY
file20450 6行 MCCULLY, LIAM JEROME-> Pathology Report85G11210 (85G112105G) MCCULLY, LIAM JEROME
file20566 6行 GEARLDS, SHIRLY-> Pathology Report43C14326,43C14326 (43C143263P) GEARLDS, SHIRLY
file20586 10行 SCOTTY-> SCOTTY
file20586 43行 TSHABALALA, ROMAINE-> 91Y16322 (91Y163221X) TSHABALALA, ROMAINE
file20586 137行 Record-> Record
file20718 6行 BARCLEY, DESHAWN-> Pathology Report59U28438 (59U284389G) BARCLEY, DESHAWN
file20759 6行 HARCEY, LYNDON-> Pathology Report17Q20533 (17Q205337P) HARCEY, LYNDON  HISTOPATHOLOGY REPORT:
file20815 6行 GORECZNY, BRIAN VINNY-> Pathology Report65N22549 (65N225496X) GORECZNY, BRIAN VINNY
file2085 9行 TOUT, SHELDON-> TOUT, SHELDON
file20910 6行 NIVALA, NICKY TRACEY-> Pathology Report28N12816 (28N128161F) NIVALA, NICKY TRACEY
file21011 6行 WOYTEK, JOSPEH-> Pathology Report76J14911 (76J149119N) WOYTEK, JOSPEH
file21128 6行 MCELVAIN, DELILA DIAMOND-> Pathology Report34F17027 (34F1702778) MCELVAIN, DELILA DIAMOND
file21177 6行 ANALLA, STERLING-> Pathology Report92B29033 (92B290335F) ANALLA, STERLING
file21429 6行 ERNZEN, SIMON ERWIN-> Pathology Report49X21139 (49X211393N) ERNZEN, SIMON ERWIN
file21486 10行 Connor-> Connor
file21486 43行 BORCHERT, SHAWN-> 07T23245 (07T232451W) BORCHERT, SHAWN
file21486 75行 Gard-> Gard
file21548 6行 CHIRCO, NAOMA-> Pathology Report55Q35340,55Q35340 (55Q353409F) CHIRCO, NAOMA
file21593 10行 Cissell-> Cissell
file21593 30行 Arroliga-> Arroliga
file21593 43行 TRUMBLEY, LOYD LANCE-> 50U13501 (50U1350161) TRUMBLEY, LOYD LANCE
file21593 88行 Denegre-> Denegre
file21773 6行 BRILLHART, IRWIN-> Pathology Report18Q15517 (18Q155174M) BRILLHART, IRWIN
file21810 6行 MCADAM, LEON LOWELL-> Pathology Report76M27623 (76M276233V) MCADAM, LEON LOWELL
file21904 6行 NOVAKOVICH, ISABEL JACINTA-> Pathology Report24I20729,24I20729 (24I207291D) NOVAKOVICH, ISABEL JACINTA
file21956 6行 DANDRADE, LEONA-> Pathology Report82E22834,82E22834 (82E228349M) DANDRADE, LEONA
file2204 9行 ZABEK, KENIA CLARISA-> ZABEK, KENIA CLARISA
file22075 6行 BRINCK, JULIAN ALEIDA-> Pathology Report51S94926 (51S9492652) BRINCK, JULIAN ALEIDA
file22125 6行 BUD, EMIL-> Pathology Report46T38052 (46T380523M) BUD, EMIL
file22159 6行 PIER, SHAWN JESSE-> Pathology Report51X16212 (51X162120L) PIER, SHAWN JESSE
file22190 6行 NISHIMOTO, ELIAS-> Pathology Report08T28218 (08T282188T) NISHIMOTO, ELIAS
file22312 6行 MORINO, JUSTIN-> Pathology Report66P21324 (66P213247C) MORINO, JUSTIN
file22415 6行 BERRIEN, MAISIE VICKY-> Pathology Report87G81410,87G81410 (87G814105N) BERRIEN, MAISIE VICKY
file22453 6行 NALEVANKO, KANDRA LAKORA-> Pathology Report35D83515,72H35536 (72H355363T) NALEVANKO, KANDRA LAKORA
file22558 10行 KENNY-> KENNY
file22558 43行 DIMAURO, ROZELLA-> 93Z95621 (93Z956211F) DIMAURO, ROZELLA
file22558 137行 Corsello-> Corsello
file22641 6行 BALOGH, MERLE CRISTOPHER-> Pathology Report41V97627 (41V976279N) BALOGH, MERLE CRISTOPHER
file22665 10行 Gadison-> Gadison
file22665 30行 Hofmans-> Hofmans
file22665 43行 JABBOUR, BART DONNIE-> 09R99733 (09R9973388) JABBOUR, BART DONNIE
file22665 88行 Desroches-> Desroches
file22734 6行 GARCZYNSKI, ARCHER-> Pathology Report57N02849,57N02849 (57N028496E) GARCZYNSKI, ARCHER
file22786 10行 Danilo-> Danilo
file22786 43行 MIHALKO, ELISHA-> 15J04844 (15J048444N) MIHALKO, ELISHA
file22786 102行 George-> George
file22862 6行 ZAPATERO, GERARD-> Pathology Report63G06950,63G06950 (63G069502W) ZAPATERO, GERARD
file22914 6行 CARRATURA, LAZARO BARRETT-> Pathology Report78K94111 (78K941119V) CARRATURA, LAZARO BARRETT
file22916 10行 Kraeger-> Kraeger
file22916 112行 Seremet-> Seremet
file22953 6行 STEAGELL, GRAIG-> Pathology Report83C98323 (83C983235M) STEAGELL, GRAIG
file23060 10行 Scott-> Scott
file23060 126行 Antonio-> Antonio
file23065 8行 PRIDHAM, YULANDA-> 99U02434,99U02434 (99U024341D) PRIDHAM, YULANDA
file23220 6行 MONSMA, LIDIA KIESHA-> Pathology Report47Q05540,47Q05540 (47Q055400M) MONSMA, LIDIA KIESHA
file23251 10行 WALTON-> WALTON
file23251 43行 MALANGO, JAMAL-> 05N07646,05N07646 (05N076468U) MALANGO, JAMAL
file23251 172行 Wisher-> Wisher
file23308 6行 PARTYKA, PATRICE OLEN-> Pathology Report53J19651 (53J196516D) PARTYKA, PATRICE OLEN
file23377 7行 RUYES, JUDSON-> 68N97812,68N97812 (68N9781230) RUYES, JUDSON
file233771 10行 Griffiths-> Griffiths
file233771 30行 Caro-> Caro
file233771 108行 Gsell-> Gsell
file23437 10行 Doescher-> Doescher
file23437 30行 Tommie-> Tommie
file23437 51行 Domingez-> Domingez
file23439 6行 SAVASTA, COLLIN HANK-> Pathology Report22B03130 (22B031307C) SAVASTA, COLLIN HANK
file2344 9行 VIGGIANO, ERICH-> VIGGIANO, ERICH
file23563 10行 Palmer-> Palmer
file23563 30行 Aiden-> Aiden
file23563 108行 Kornblum-> Kornblum
file23587 6行 OVITT, MARGARITO-> Pathology Report95Q10357 (95Q1035720) OVITT, MARGARITO
file23662 6行 MAROLA, BURL WENDELL-> Pathology Report53M12353 (53M1235304) MAROLA, BURL WENDELL
file23689 10行 Seton-> Seton
file23689 30行 Virgilio-> Virgilio
file23689 108行 Kudzma-> Kudzma
file23784 6行 MCKEAG, COOPER-> Pathology Report06M02629 (06M0262957) MCKEAG, COOPER
file23835 6行 CORLEE, WARREN FREDERICH-> Pathology Report64I04725 (64I047253B) CORLEE, WARREN FREDERICH
file23878 6行 HATLEY, ELISA-> Pathology Report85A64811 (85A648111M) HATLEY, ELISA
file2403 9行 DELLAROCCO, TAMA FAYE-> DELLAROCCO, TAMA FAYE
file2444 44行 UNIKEL, JAME-> 75D77522 (75D775225T) UNIKEL, JAME
file2465 9行 ALONA LURZ-> STAPLESsid7027921 , ALONA LURZ
file2489 7行 TIENDA, JOAQUIN FREDDIE-> TIENDA, JOAQUIN FREDDIE
file2554 7行 KAWELL, BENTON-> KAWELL, BENTON
file262 9行 HOMOLA, ROSARIO JACKIE-> HOMOLA, ROSARIO JACKIE
file2636 9行 POTHIER, SIU SOLANA-> POTHIER, SIU SOLANA
file2664 7行 PIEHLER, SAMUEL-> PIEHLER, SAMUEL
file275 9行 MONIGOLD, KEENAN-> MONIGOLD, KEENAN 
file2754 7行 BORDI, FAITH-> BORDI, FAITH
file2754 11行 FOLKES, LANE-> Name:	 FOLKES, LANE	           D.O.B 15 February 1990
file2800 10行 Nease-> Nease
file2800 165行 Santeramo-> Santeramo
file2813 9行 PORTELA, TEMPEST RONNY-> PORTELA, TEMPEST RONNY
file2844 7行 HEBERLEIN, BRODIE CHANCE-> O&amp;apos;HEBERLEIN, BRODIE CHANCE
file2871 7行 PALAZZOLO, WILFORD-> PALAZZOLO, WILFORD
file288 10行 BARCELLOS, CHADWICK-> BARCELLOS, CHADWICK 
file288 23行 Winfred-> SURNAME: Winfred		FIRST NAME: 	Jagun
file288 72行 JOSE GELL-> Haematology Consultant: JOSE GELL
file2918 9行 GIANNELLI, NELLIE BEVERLEE-> GIANNELLI, NELLIE BEVERLEE
file2967 10行 Radish-> Radish
file2967 30行 Waitkus-> Waitkus
file2967 43行 RAJU, JOAQUIN MILTON-> 86I44372 (86I443727K) RAJU, JOAQUIN MILTON
file2967 147行 Edman-> Edman
file3014 9行 WAYNICK, BYRON-> WAYNICK, BYRON
file31 9行 HERBER, VERNON-> HERBER, VERNON 
file3130 9行 COCOMAZZI, RANDALL JAMES-> COCOMAZZI, RANDALL JAMES
file3137 10行 EMIL-> EMIL
file3137 30行 Pokorski-> Pokorski
file3137 43行 MOEL, BINDI MATHEW-> 91F70760,91F70760 (91F7076092) MOEL, BINDI MATHEW
file3137 151行 Hysinger-> Hysinger
file3186 9行 SAMLAL, BRIELLE-> SAMLAL, BRIELLE
file3238 9行 POLHAMUS, MICHIKO KAZUKO-> POLHAMUS, MICHIKO KAZUKO
file3285 10行 Moses-> Moses
file3285 30行 Freeman-> Freeman
file3285 43行 GOTTLOB, NGUNYA MATT-> 49G04153,49G04153 (49G041532T) GOTTLOB, NGUNYA MATT
file3285 129行 Stimage-> Stimage
file3312 9行 MUCKEL, DWAIN-> MUCKEL, DWAIN
file3335 7行 VOWELS, KISHA VERLIE-> VOWELS, KISHA VERLIE
file3382 9行 MARTENSON, LAYLA DALLAS-> MARTENSON, LAYLA DALLAS
file3458 9行 CRUMBY, ART HWA-> CRUMBY, ART HWA
file347 9行 BURRELLI, BOYD-> BURRELLI, BOYD
file3489 10行 Renburg-> Renburg
file3489 42行 NORD, ROY-> 23R03643 (23R036439K) NORD, ROY
file3489 185行 Bogan-> Bogan
file3516 9行 ELLIS HASKAMP-> MAfcs1 , ELLIS HASKAMP
file3570 9行 DUSKIN, DOLORIS DEANN-> DUSKIN, DOLORIS DEANN7740448
file3644 9行 SODAWASSER, CARLENA-> fs24SODAWASSER, CARLENA
file3740 9行 ALONA ZARAGOSA-> NOMME, cs0 ALONA ZARAGOSA
file3811 9行 Balo, JAYCEE Z-> Balo, JAYCEE Z
file3858 10行 Gilchrest-> Gilchrest
file3858 30行 Slough-> Slough
file3858 43行 SYVERTSEN, DANIAL TIM-> 08C02233 (08C022337A) SYVERTSEN, DANIAL TIM
file3858 147行 Vandagriff-> Vandagriff
file3941 9行 TOVREA, FRED-> TOVREA, FRED
file4000 9行 LAWRENZ, JOSELYN-> O&amp;apos;LAWRENZ, JOSELYN
file4001 10行 Costeira-> Costeira
file4001 44行 NIRO, TURLKU-> 20M11566 (20M115669I) NIRO, TURLKU
file4001 124行 Gordils-> Gordils
file407 10行 Willis-> Willis
file407 93行 Hissem-> Hissem
file4145 10行 Lempicki-> Lempicki
file4145 124行 Schrab-> Schrab
file4157 9行 LINKS, RAYMON DENNY-> LINKS, RAYMON DENNYrsid13181863
file4255 10行 Eikmeier-> Eikmeier
file4255 30行 Tempelton-> Tempelton
file4255 92行 Latourrette-> Latourrette
file4438 10行 Tatel-> Tatel
file4438 165行 Guidice-> Guidice
file4607 10行 Raz-> Raz
file4607 152行 Acock-> Acock
file464 9行 MAZZE, NILLA-> MAZZE, NILLA
file4787 10行 Qazi-> Qazi
file4787 43行 FRANZEL, GRADY-> 94A12857 (94A128571G) FRANZEL, GRADY
file4787 161行 Freeman-> Freeman
file4942 10行 Sandvig-> Sandvig
file4942 138行 Lupe-> Lupe
file5048 8行 MCCONICO, BRITT STUART-> 37C91165 (37C911652Z) MCCONICO, BRITT STUART
file5074 6行 HILPERT, ELISHA-> Pathology Report95Z93271 (95Z932710I) HILPERT, ELISHA
file513 9行 MEADERS, WALLACE-> MEADERS, WALLACE
file5277 6行 STEACH, DONG-> Pathology Report01R08483,01R08483 (01R0848369) STEACH, DONG
file5396 6行 KAFEL, JULES BEATRIS-> Pathology Report06V85644,06V85644 (06V856443Y) KAFEL, JULES BEATRIS
file5464 6行 BROTEMARKLE, ELENORA TRANG-> Pathology Report64R88659 (64R886591H) BROTEMARKLE, ELENORA TRANG
file550 9行 ARIOLA, KENDRA-> ARIOLA, KENDRA
file5585 6行 MCWHIRT, PATRICE-> Pathology Report79J92861,79J92861 (79J9286189) MCWHIRT, PATRICE
file5711 6行 RAZIANO, YAEKO JERRIE-> Pathology Report27G94967,27G94967 (27G9496762) RAZIANO, YAEKO JERRIE
file5716 10行 Baransky-> Baransky
file5716 166行 Melter-> Melter
file5810 10行 Zacate-> Zacate
file5810 77行 Kocian-> Kocian
file5850 6行 YONASHIRO, QUINCY-> Pathology Report75H28259 (75H2825997) YONASHIRO, QUINCY
file5899 6行 VERBASCO, ABRAHAM-> Pathology Report33D21365 (33D213657D) VERBASCO, ABRAHAM
file5959 10行 Sofer-> Sofer
file5959 30行 Desolier-> Desolier
file5959 132行 Sagrera-> Sagrera
file5961 6行 WEITZNER, GERMAN-> Pathology Report49V35477 (49V354773U) WEITZNER, GERMAN
file599 9行 THIELEMANN, DONETTE NIKIA-> THIELEMANN, DONETTE NIKIA
file6054 10行 Newton-> Newton
file6054 30行 Andreas-> Andreas
file6054 78行 Wellons-> Wellons
file611 10行 Cumbie-> Cumbie
file611 42行 PIEDRA, LETTY-> 50R27749 (50R277497K) PIEDRA, LETTY
file611 185行 Somodi-> Somodi
file6114 10行 Ellery-> Ellery
file6114 30行 Lokan-> Lokan
file6114 51行 Cantor-> Cantor
file61533 6行 CWIKLA, ERIC-> Pathology Report81X14885,65K31961 (65K3196130) CWIKLA, ERIC
file6200 6行 LEADFORD, VILMA-> Pathology Report23G34066,23G34066 (23G3406614) LEADFORD, VILMA
file6209 10行 Lemuel-> Lemuel
file6209 30行 Brodie-> Brodie
file6209 78行 Brandler-> Brandler
file6242 6行 WACH, MALIK-> Pathology Report92T96168 (92T961687E) WACH, MALIK
file6351 6行 GRIZZARD, THADDEUS-> Pathology Report50Q08264,50Q08264 (50Q082646N) GRIZZARD, THADDEUS
file6353 10行 Marconi-> Marconi
file6353 124行 Ansley-> Ansley
file6442 6行 BOVA, LESLIE-> Pathology Report66I02375,66I02375 (66I023752E) BOVA, LESLIE
file6507 10行 Fearn-> Fearn
file6507 30行 Nimocks-> Nimocks
file6507 137行 Mausey-> Mausey
file6514 6行 MILLESON, THADDEUS HAL-> Pathology Report72A17597 (72A175978V) MILLESON, THADDEUS HAL
file6611 6行 FIETSAM, RUEBEN KEN-> Pathology Report77E95758,77E95758 (77E9575857) FIETSAM, RUEBEN KEN
file66601 6行 FRANKIN, MADISON-> Pathology Report35A97853,35A97853 (35A9785331) FRANKIN, MADISON
file66639 6行 GATTA, JED-> Pathology Report08K81794 (08K817943X) GATTA, JED
file66782 6行 LOBALBO, ILUKA-> Pathology Report03O69955,03O69955 (03O6995508) LOBALBO, ILUKA
file6685 7行 KIRCHGESLER, CECIL-> 61K61050 (61K6105082) KIRCHGESLER, CECIL
file6689 10行 Suarez-> Suarez
file6689 165行 Lindquist-> Lindquist
file66907 6行 ZAZOZDOR, VERGIE LESTER-> Pathology Report77C75262,77C75262 (77C7526248)ZAZOZDOR, VERGIE LESTER
file67081 6行 GOLETZ, LEON SIMON-> Pathology Report35Z78278 (35Z782782F) GOLETZ, LEON SIMON
file67190 7行 PFAFF, GISELLE DARNELL-> 67H08459,67H08459 (67H0845990) PFAFF, GISELLE DARNELL
file67277 7行 COLLINGWOOD, WALDO SHERMAN-> 25E00555,25E00555 (25E005557K) COLLINGWOOD, WALDO SHERMAN
file6743 6行 QUASHNOCK, MARCO-> Pathology Report10J76868 (10J768680V) QUASHNOCK, MARCO
file6796 6行 EVERSOLL, BECKIE TEMIKA-> Pathology Report05K16967 (05K1696759) EVERSOLL, BECKIE TEMIKA
file6871 10行 Finkel-> Finkel
file6871 165行 Hefty-> Hefty
file694 9行 MATTHEY, CHARMAINE-> MATTHEY, CHARMAINE
file6949 6行 BRANNEN, TRINIDAD-> Pathology Report96N19669 (96N196699G) BRANNEN, TRINIDAD
file712 10行 Waddington-> Waddington
file712 30行 Bethurum-> Bethurum
file712 84行 Scottie-> Scottie
file7135 6行 BONAMICO, TOMOKO-> Pathology Report75B81860,75B81860 (75B818606A) BONAMICO, TOMOKO
file7223 10行 Gobin-> Gobin
file7223 152行 Remley-> Remley
file7234 7行 DICKS, TARYN FILIBERTO-> 80T86971 (80T869712R) DICKS, TARYN FILIBERTO
file7287 6行 BRIDGETT, NATHAN HERBERT-> Pathology Report38P98077 (38P980770A) BRIDGETT, NATHAN HERBERT
file7336 6行 VESTERING, LEIF-> Pathology Report96L90183 (96L901838I) VESTERING, LEIF  HISTOPATHOLOGY REPORT:
file7510 6行 PARBOL, BURL-> Pathology Report44H92199 (44H921996R) PARBOL, BURL
file7558 6行 BERGFIELD, ALLEN RUSSELL-> Pathology Report02E94295 (02E9429549) BERGFIELD, ALLEN RUSSELL
file7587 10行 Ollie-> Ollie
file7587 165行 Gongora-> Gongora
file7593 6行 JOHNIGAN, JAYSON GLENN-> Pathology Report81R67496 (81R674961T) JOHNIGAN, JAYSON GLENN
file761 9行 STUBLER, DANAE-> STUBLER, DANAE
file7676 6行 NORVIEL, SHAD VIRGIL-> Pathology Report97J71508 (97J715087K) NORVIEL, SHAD VIRGIL
file772 10行 Rudiger-> Rudiger
file772 30行 Bourlier-> Bourlier
file772 51行 Dyess-> Dyess
file7790 10行 YARRAMBA-> YARRAMBA
file7790 174行 M Strohm-> The findings were discussed with Drs M Maddy &amp;amp; M Saye and  Profs. M Strohm and M Lownsbery.
file7790 185行 Nitterhouse-> Nitterhouse
file7809 7行 BORUVKA, LIZZETTE LIVIA-> 08G53970 (08G5397000) BORUVKA, LIZZETTE LIVIA
file7867 6行 DETERING, MYRNA-> Pathology Report65C65986,65C65986 (65C6598693) DETERING, MYRNA
file7945 10行 Capestany-> Capestany
file7945 138行 Rudolf-> Rudolf
file7978 6行 BONSELL, GRANT-> Pathology Report71U60197,71U60197 (71U601975B) BONSELL, GRANT
file8200 6行 EGELHOFF, GRANVILLE-> Pathology Report29Q72293 (29Q722933J) EGELHOFF, GRANVILLE
file8270 10行 GINO-> GINO
file8270 174行 V Gollogly-> The findings were discussed with Drs V Basques &amp;amp; V Cull and  Profs. V Gollogly and V Segee.
file8270 185行 Crapp-> Crapp
file8281 6行 YELEY, ALEX NEWTON-> Pathology Report82R52460 (82R524608R) YELEY, ALEX NEWTON
file830 9行 MIERZWIAK, GENEVIEVE-> MIERZWIAK, GENEVIEVE
file8408 6行 DOBINE, LEIA CARMON-> Pathology Report98J66671,98J66671 (98J666714I) DOBINE, LEIA CARMON
file8473 10行 MARGARITO-> MARGARITO
file8473 174行 W Arnspiger-> The findings were discussed with Drs W Hect &amp;amp; W Mcnatt and  Profs. W Arnspiger and W Ezdebski.
file8473 185行 Vaszily-> Vaszily
file8491 7行 ADELBLUE, MADALYN-> 41G13703,41G13703 (41G137030X) ADELBLUE, MADALYN
file8539 6行 STAMOS, CARMELO-> Pathology Report62X73899 (62X738999I) STAMOS, CARMELO
file8569 10行 Alex-> Alex
file8569 30行 Neumiller-> Neumiller
file8569 79行 Tad-> Tad
file8590 6行 BEACHLER, GARRY EDMUND-> Pathology Report77Q77000 (77Q7700059) BEACHLER, GARRY EDMUND
file864 7行 ASCOLESE, ELLIS-> ASCOLESE, ELLIS
file8640 6行 LHUILLIER, TOMEK-> Pathology Report30Q67277 (30Q672770H) LHUILLIER, TOMEK
file87 7行 ABT, MERIT MIGUELINA-> ABT, MERIT MIGUELINA
file87 12行 EFREN RATHBUM-> Name: EFREN RATHBUM.
file8704 6行 BALCKBURN, COLE-> Pathology Report46I71488 (46I714886Y) BALCKBURN, COLE
file8724 10行 Bausman-> Bausman
file8724 138行 Gayle-> Gayle
file8839 10行 Mal-> Mal
file8839 97行 Bailony-> Bailony
file8870 6行 MANTIFEL, FOREST-> Pathology Report73S36685 (73S366851A) MANTIFEL, FOREST
file8949 6行 PYRON, RHETT-> Pathology Report21O48791 (21O487919J) PYRON, RHETT
file9011 6行 DISON, BARNEY-> Pathology Report89K40897 (89K408977S) DISON, BARNEY
file905 10行 Lenny-> Lenny
file905 43行 PELIS, THURMAN-> 37G42803 (37G4280350) PELIS, THURMAN
file905 116行 Kenneth-> Kenneth
file9074 6行 PLUFF, TYLER-> Pathology Report95C54909 (95C549094J) PLUFF, TYLER
file913 9行 PAPAKOSTAS, UYEN ROZANNE LORETTA-> PAPAKOSTAS, UYEN ROZANNE LORETTA
file9154 6行 RUBEL, LACIE YOLA-> Pathology Report57D34275,57D34275 (57D342759R) RUBEL, LACIE YOLA
file9224 10行 Gillich-> Gillich
file9224 165行 Goldhirsh-> Goldhirsh
file9250 6行 PALE, BERT KIERAN-> Pathology Report63V49387 (63V493875I) PALE, BERT KIERAN
file9284 6行 LICOR, SANTO-> Pathology Report11R41493 (11R414933Q) LICOR, SANTO
file9319 10行 Jessie-> Jessie
file9319 30行 Lamar-> Lamar
file9319 78行 Vibert-> Vibert
file9439 6行 WEIGL, RALPH PARIS-> Pathology Report27J55504 (27J555049I) WEIGL, RALPH PARIS
file9491 6行 JANSON, DENITA-> Pathology Report85G58610 (85G5861086) JANSON, DENITA
file9522 10行 SMOKEY-> SMOKEY
file9522 174行 W Provazek-> The findings were discussed with Drs W Jecmenek &amp;amp; W Lionetti and  Profs. W Provazek and W Wrye.
file9522 185行 Kohus-> Kohus
file9543 6行 SIEBERT, VESPER-> Pathology Report48G47976 (48G479763Y) SIEBERT, VESPER
file9600 6行 SANKEY, BEAU-> Pathology Report96C40082 (96C400821G) SANKEY, BEAU
file9617 10行 Elijah-> Elijah
file9617 30行 Collin-> Collin
file9617 78行 Unikel-> Unikel
file9652 6行 PEFANIS, ASHTON-> Pathology Report01U44194 (01U441947Y) PEFANIS, ASHTON
file9735 6行 LONGOBARDI, KURTIS HOLLIS-> Pathology Report69Q56200 (69Q562005G) LONGOBARDI, KURTIS HOLLIS
file9830 6行 SCINTO, GARTH SIGMUND-> Pathology Report27N58305 (27N583053P) SCINTO, GARTH SIGMUND
file9888 6行 DUKAS, ANDERSON KEITH-> Pathology Report75J51311 (75J513112Y) DUKAS, ANDERSON KEITH
file9964 6行 GUARDIPEE, EMILIO YINDJIBARNDI-> Pathology Report96A21407 (96A214070J) GUARDIPEE, EMILIO YINDJIBARNDI
file9965 10行 HILTON-> HILTON
file9965 185行 Bodway-> Bodway
